{
    "weights_ih": [
        [
            -0.029151095318821874,
            -0.09507548248881648,
            -0.9559699591412505,
            -0.6220583358316156
        ],
        [
            -0.4266912786044259,
            0.7645520206686205,
            -0.9970289331397677,
            0.4832520580635753
        ],
        [
            -0.40413117002474497,
            0.9026095163494772,
            0.6054331511982376,
            -0.34266371500917026
        ],
        [
            0.5090071228905566,
            -0.7971052808264698,
            0.5095086440992889,
            0.5443790223817033
        ]
    ],
    "weights_ho": [
        [
            -0.38313546593367076,
            0.6440552176128687,
            -0.14898998764327898,
            0.9878415981358253
        ]
    ],
    "bias_h": [
        [
            0.5790010792817737
        ],
        [
            0.1473756819408203
        ],
        [
            -0.872709658211164
        ],
        [
            0.8036479410617816
        ]
    ],
    "bias_o": [
        [
            -0.25189217319048063
        ]
    ]
}