{
    "weights_ih": [
        [
            -0.4180768130140009,
            -0.9764497760899593,
            -0.5347775265985018,
            -0.13443256283034888
        ],
        [
            0.7670110573102682,
            -0.0463904371728161,
            -0.853077476834126,
            0.348242084679089
        ],
        [
            0.08168870744603862,
            -0.9775282536904351,
            0.23803713480478805,
            0.6597708484147471
        ],
        [
            0.11567109792373964,
            0.328117489701087,
            0.9892632881734813,
            -0.7878696885523095
        ]
    ],
    "weights_ho": [
        [
            0.117428079051215,
            0.475971228656074,
            -0.9991130185827666,
            0.8255022231012317
        ]
    ],
    "bias_h": [
        [
            -0.8437341638353337
        ],
        [
            -0.6091948986702123
        ],
        [
            0.6226013461351827
        ],
        [
            0.2936671257346588
        ]
    ],
    "bias_o": [
        [
            -0.6248374322712291
        ]
    ]
}