{
    "weights_ih": [
        [
            0.7017713163178563,
            -0.5412999318296601,
            -0.9813578132376561,
            0.5705155719593495
        ],
        [
            -0.025234014472061306,
            0.10031766454561208,
            0.7783843258459962,
            -0.15079593108226108
        ],
        [
            -0.06813474213753157,
            0.9860886227441863,
            -0.9285447803778573,
            -0.1592155887612543
        ],
        [
            -0.868918323638326,
            -0.22771199758877492,
            -0.0888481626789428,
            0.777315304827177
        ]
    ],
    "weights_ho": [
        [
            0.5898570544358133,
            0.7223474057246306,
            0.33442289979535533,
            -0.054744343654892225
        ]
    ],
    "bias_h": [
        [
            0.8890221609737927
        ],
        [
            -0.9926433308954703
        ],
        [
            -0.5100788720523906
        ],
        [
            0.8986451036858192
        ]
    ],
    "bias_o": [
        [
            -0.9099128226308852
        ]
    ]
}